Date	Treatment	Dye	Dilution	pop	count	Fungalight Green-H	Fungalight Red-H	sample
2023-11-20	0	PI	1000	singlet	15889	72	59	112023_dilutions_Experiment_Plate_0_1000_p.fcs
2023-11-20	0	PI	1000	PI-positive	48	64	1022.5	112023_dilutions_Experiment_Plate_0_1000_p.fcs
2023-11-20	0	PI	1000	Intermediate	0	NA	NA	112023_dilutions_Experiment_Plate_0_1000_p.fcs
2023-11-20	0	PI	1000	live	15841	72	59	112023_dilutions_Experiment_Plate_0_1000_p.fcs
2023-11-20	0	SYTO9	1000	singlet	17262	434	63	112023_dilutions_Experiment_Plate_0_1000.fcs
2023-11-20	0	SYTO9	1000	PI-positive	0	NA	NA	112023_dilutions_Experiment_Plate_0_1000.fcs
2023-11-20	0	SYTO9	1000	Intermediate	180	2356.5	146	112023_dilutions_Experiment_Plate_0_1000.fcs
2023-11-20	0	SYTO9	1000	live	17183	431	63	112023_dilutions_Experiment_Plate_0_1000.fcs
2023-11-20	0	PI	2000	singlet	15737	71	59	112023_dilutions_Experiment_Plate_0_2000_p.fcs
2023-11-20	0	PI	2000	PI-positive	36	68.5	1203.5	112023_dilutions_Experiment_Plate_0_2000_p.fcs
2023-11-20	0	PI	2000	Intermediate	0	NA	NA	112023_dilutions_Experiment_Plate_0_2000_p.fcs
2023-11-20	0	PI	2000	live	15701	71	59	112023_dilutions_Experiment_Plate_0_2000_p.fcs
2023-11-20	0	SYTO9	2000	singlet	18426	133	60	112023_dilutions_Experiment_Plate_0_2000.fcs
2023-11-20	0	SYTO9	2000	PI-positive	3	118	162	112023_dilutions_Experiment_Plate_0_2000.fcs
2023-11-20	0	SYTO9	2000	Intermediate	54	10190.5	239.5	112023_dilutions_Experiment_Plate_0_2000.fcs
2023-11-20	0	SYTO9	2000	live	18385	133	60	112023_dilutions_Experiment_Plate_0_2000.fcs
2023-11-20	0	PI	250	singlet	17403	72	62	112023_dilutions_Experiment_Plate_0_250_p.fcs
2023-11-20	0	PI	250	PI-positive	77	69	1193	112023_dilutions_Experiment_Plate_0_250_p.fcs
2023-11-20	0	PI	250	Intermediate	0	NA	NA	112023_dilutions_Experiment_Plate_0_250_p.fcs
2023-11-20	0	PI	250	live	17326	72	62	112023_dilutions_Experiment_Plate_0_250_p.fcs
2023-11-20	0	SYTO9	250	singlet	19395	7934	234	112023_dilutions_Experiment_Plate_0_250.fcs
2023-11-20	0	SYTO9	250	PI-positive	0	NA	NA	112023_dilutions_Experiment_Plate_0_250.fcs
2023-11-20	0	SYTO9	250	Intermediate	12167	13567	393	112023_dilutions_Experiment_Plate_0_250.fcs
2023-11-20	0	SYTO9	250	live	8150	1538.5	79	112023_dilutions_Experiment_Plate_0_250.fcs
2023-11-20	0	PI	500	singlet	16250	72	60	112023_dilutions_Experiment_Plate_0_500_p.fcs
2023-11-20	0	PI	500	PI-positive	61	69	1486	112023_dilutions_Experiment_Plate_0_500_p.fcs
2023-11-20	0	PI	500	Intermediate	0	NA	NA	112023_dilutions_Experiment_Plate_0_500_p.fcs
2023-11-20	0	PI	500	live	16189	72	60	112023_dilutions_Experiment_Plate_0_500_p.fcs
2023-11-20	0	SYTO9	500	singlet	19110	1194	73	112023_dilutions_Experiment_Plate_0_500.fcs
2023-11-20	0	SYTO9	500	PI-positive	0	NA	NA	112023_dilutions_Experiment_Plate_0_500.fcs
2023-11-20	0	SYTO9	500	Intermediate	1242	2773	145	112023_dilutions_Experiment_Plate_0_500.fcs
2023-11-20	0	SYTO9	500	live	18679	1175	72	112023_dilutions_Experiment_Plate_0_500.fcs
2023-11-20	10	PI	1000	singlet	13159	74	60	112023_dilutions_Experiment_Plate_10_1000_p.fcs
2023-11-20	10	PI	1000	PI-positive	140	73	645	112023_dilutions_Experiment_Plate_10_1000_p.fcs
2023-11-20	10	PI	1000	Intermediate	0	NA	NA	112023_dilutions_Experiment_Plate_10_1000_p.fcs
2023-11-20	10	PI	1000	live	13018	74	60	112023_dilutions_Experiment_Plate_10_1000_p.fcs
2023-11-20	10	SYTO9	1000	singlet	12385	624	66	112023_dilutions_Experiment_Plate_10_1000.fcs
2023-11-20	10	SYTO9	1000	PI-positive	0	NA	NA	112023_dilutions_Experiment_Plate_10_1000.fcs
2023-11-20	10	SYTO9	1000	Intermediate	419	3445	157	112023_dilutions_Experiment_Plate_10_1000.fcs
2023-11-20	10	SYTO9	1000	live	12175	603	65	112023_dilutions_Experiment_Plate_10_1000.fcs
2023-11-20	10	PI	2000	singlet	11165	74	60	112023_dilutions_Experiment_Plate_10_2000_p.fcs
2023-11-20	10	PI	2000	PI-positive	108	69	921	112023_dilutions_Experiment_Plate_10_2000_p.fcs
2023-11-20	10	PI	2000	Intermediate	0	NA	NA	112023_dilutions_Experiment_Plate_10_2000_p.fcs
2023-11-20	10	PI	2000	live	11057	74	60	112023_dilutions_Experiment_Plate_10_2000_p.fcs
2023-11-20	10	SYTO9	2000	singlet	12774	210	61	112023_dilutions_Experiment_Plate_10_2000.fcs
2023-11-20	10	SYTO9	2000	PI-positive	1	117	160	112023_dilutions_Experiment_Plate_10_2000.fcs
2023-11-20	10	SYTO9	2000	Intermediate	133	7904	198	112023_dilutions_Experiment_Plate_10_2000.fcs
2023-11-20	10	SYTO9	2000	live	12680	208	60	112023_dilutions_Experiment_Plate_10_2000.fcs
2023-11-20	10	PI	250	singlet	13620	74	62	112023_dilutions_Experiment_Plate_10_250_p.fcs
2023-11-20	10	PI	250	PI-positive	166	69.5	842.5	112023_dilutions_Experiment_Plate_10_250_p.fcs
2023-11-20	10	PI	250	Intermediate	0	NA	NA	112023_dilutions_Experiment_Plate_10_250_p.fcs
2023-11-20	10	PI	250	live	13451	74	62	112023_dilutions_Experiment_Plate_10_250_p.fcs
2023-11-20	10	SYTO9	250	singlet	12315	3172	119	112023_dilutions_Experiment_Plate_10_250.fcs
2023-11-20	10	SYTO9	250	PI-positive	0	NA	NA	112023_dilutions_Experiment_Plate_10_250.fcs
2023-11-20	10	SYTO9	250	Intermediate	5835	6031	206	112023_dilutions_Experiment_Plate_10_250.fcs
2023-11-20	10	SYTO9	250	live	7849	1597	83	112023_dilutions_Experiment_Plate_10_250.fcs
2023-11-20	10	PI	500	singlet	10792	75	60	112023_dilutions_Experiment_Plate_10_500_p.fcs
2023-11-20	10	PI	500	PI-positive	133	75	1044	112023_dilutions_Experiment_Plate_10_500_p.fcs
2023-11-20	10	PI	500	Intermediate	0	NA	NA	112023_dilutions_Experiment_Plate_10_500_p.fcs
2023-11-20	10	PI	500	live	10659	75	60	112023_dilutions_Experiment_Plate_10_500_p.fcs
2023-11-20	10	SYTO9	500	singlet	12925	1586	81	112023_dilutions_Experiment_Plate_10_500.fcs
2023-11-20	10	SYTO9	500	PI-positive	1	276	172	112023_dilutions_Experiment_Plate_10_500.fcs
2023-11-20	10	SYTO9	500	Intermediate	2444	3868	159	112023_dilutions_Experiment_Plate_10_500.fcs
2023-11-20	10	SYTO9	500	live	11678	1343.5	76	112023_dilutions_Experiment_Plate_10_500.fcs
2023-11-20	100	PI	1000	singlet	12813	71	61	112023_dilutions_Experiment_Plate_100_1000_p.fcs
2023-11-20	100	PI	1000	PI-positive	311	69	1149	112023_dilutions_Experiment_Plate_100_1000_p.fcs
2023-11-20	100	PI	1000	Intermediate	0	NA	NA	112023_dilutions_Experiment_Plate_100_1000_p.fcs
2023-11-20	100	PI	1000	live	12502	71	60	112023_dilutions_Experiment_Plate_100_1000_p.fcs
2023-11-20	100	SYTO9	1000	singlet	11554	3920	115	112023_dilutions_Experiment_Plate_100_1000.fcs
2023-11-20	100	SYTO9	1000	PI-positive	0	NA	NA	112023_dilutions_Experiment_Plate_100_1000.fcs
2023-11-20	100	SYTO9	1000	Intermediate	4981	6314	175	112023_dilutions_Experiment_Plate_100_1000.fcs
2023-11-20	100	SYTO9	1000	live	8418	3154	96	112023_dilutions_Experiment_Plate_100_1000.fcs
2023-11-20	100	PI	2000	singlet	11231	73	60	112023_dilutions_Experiment_Plate_100_2000_p.fcs
2023-11-20	100	PI	2000	PI-positive	218	70.5	1107.5	112023_dilutions_Experiment_Plate_100_2000_p.fcs
2023-11-20	100	PI	2000	Intermediate	0	NA	NA	112023_dilutions_Experiment_Plate_100_2000_p.fcs
2023-11-20	100	PI	2000	live	11013	73	60	112023_dilutions_Experiment_Plate_100_2000_p.fcs
2023-11-20	100	SYTO9	2000	singlet	12907	1045	69	112023_dilutions_Experiment_Plate_100_2000.fcs
2023-11-20	100	SYTO9	2000	PI-positive	1	82	1108	112023_dilutions_Experiment_Plate_100_2000.fcs
2023-11-20	100	SYTO9	2000	Intermediate	661	4756	150	112023_dilutions_Experiment_Plate_100_2000.fcs
2023-11-20	100	SYTO9	2000	live	12635	1027	68	112023_dilutions_Experiment_Plate_100_2000.fcs
2023-11-20	100	PI	250	singlet	13989	71	67	112023_dilutions_Experiment_Plate_100_250_p.fcs
2023-11-20	100	PI	250	PI-positive	1444	68	1521	112023_dilutions_Experiment_Plate_100_250_p.fcs
2023-11-20	100	PI	250	Intermediate	1	23080	690	112023_dilutions_Experiment_Plate_100_250_p.fcs
2023-11-20	100	PI	250	live	12544	72	64	112023_dilutions_Experiment_Plate_100_250_p.fcs
2023-11-20	100	SYTO9	250	singlet	14370	32180.5	950	112023_dilutions_Experiment_Plate_100_250.fcs
2023-11-20	100	SYTO9	250	PI-positive	0	NA	NA	112023_dilutions_Experiment_Plate_100_250.fcs
2023-11-20	100	SYTO9	250	Intermediate	14186	32476	961	112023_dilutions_Experiment_Plate_100_250.fcs
2023-11-20	100	SYTO9	250	live	257	2527	93	112023_dilutions_Experiment_Plate_100_250.fcs
2023-11-20	100	PI	500	singlet	11970	72	62	112023_dilutions_Experiment_Plate_100_500_p.fcs
2023-11-20	100	PI	500	PI-positive	461	71	1325	112023_dilutions_Experiment_Plate_100_500_p.fcs
2023-11-20	100	PI	500	Intermediate	0	NA	NA	112023_dilutions_Experiment_Plate_100_500_p.fcs
2023-11-20	100	PI	500	live	11509	72	61	112023_dilutions_Experiment_Plate_100_500_p.fcs
2023-11-20	100	SYTO9	500	singlet	13565	11867	314	112023_dilutions_Experiment_Plate_100_500.fcs
2023-11-20	100	SYTO9	500	PI-positive	0	NA	NA	112023_dilutions_Experiment_Plate_100_500.fcs
2023-11-20	100	SYTO9	500	Intermediate	12355	12667	334	112023_dilutions_Experiment_Plate_100_500.fcs
2023-11-20	100	SYTO9	500	live	1982	4292.5	115	112023_dilutions_Experiment_Plate_100_500.fcs
2023-11-20	1000	PI	1000	singlet	11070	66	842	112023_dilutions_Experiment_Plate_1000_1000_p.fcs
2023-11-20	1000	PI	1000	PI-positive	11068	66	842	112023_dilutions_Experiment_Plate_1000_1000_p.fcs
2023-11-20	1000	PI	1000	Intermediate	0	NA	NA	112023_dilutions_Experiment_Plate_1000_1000_p.fcs
2023-11-20	1000	PI	1000	live	2	75	140.5	112023_dilutions_Experiment_Plate_1000_1000_p.fcs
2023-11-20	1000	SYTO9	1000	singlet	10648	5732	164	112023_dilutions_Experiment_Plate_1000_1000.fcs
2023-11-20	1000	SYTO9	1000	PI-positive	0	NA	NA	112023_dilutions_Experiment_Plate_1000_1000.fcs
2023-11-20	1000	SYTO9	1000	Intermediate	7269	7070	203	112023_dilutions_Experiment_Plate_1000_1000.fcs
2023-11-20	1000	SYTO9	1000	live	5032	3745.5	109	112023_dilutions_Experiment_Plate_1000_1000.fcs
2023-11-20	1000	PI	2000	singlet	10583	66	1103	112023_dilutions_Experiment_Plate_1000_2000_p.fcs
2023-11-20	1000	PI	2000	PI-positive	10583	66	1103	112023_dilutions_Experiment_Plate_1000_2000_p.fcs
2023-11-20	1000	PI	2000	Intermediate	0	NA	NA	112023_dilutions_Experiment_Plate_1000_2000_p.fcs
2023-11-20	1000	PI	2000	live	0	NA	NA	112023_dilutions_Experiment_Plate_1000_2000_p.fcs
2023-11-20	1000	SYTO9	2000	singlet	10874	1683	76	112023_dilutions_Experiment_Plate_1000_2000.fcs
2023-11-20	1000	SYTO9	2000	PI-positive	0	NA	NA	112023_dilutions_Experiment_Plate_1000_2000.fcs
2023-11-20	1000	SYTO9	2000	Intermediate	863	3283	143	112023_dilutions_Experiment_Plate_1000_2000.fcs
2023-11-20	1000	SYTO9	2000	live	10642	1660	75	112023_dilutions_Experiment_Plate_1000_2000.fcs
2023-11-20	1000	PI	250	singlet	10596	66	469	112023_dilutions_Experiment_Plate_1000_250_p.fcs
2023-11-20	1000	PI	250	PI-positive	10581	66	469	112023_dilutions_Experiment_Plate_1000_250_p.fcs
2023-11-20	1000	PI	250	Intermediate	0	NA	NA	112023_dilutions_Experiment_Plate_1000_250_p.fcs
2023-11-20	1000	PI	250	live	15	75	135	112023_dilutions_Experiment_Plate_1000_250_p.fcs
2023-11-20	1000	SYTO9	250	singlet	12298	28390.5	850	112023_dilutions_Experiment_Plate_1000_250.fcs
2023-11-20	1000	SYTO9	250	PI-positive	0	NA	NA	112023_dilutions_Experiment_Plate_1000_250.fcs
2023-11-20	1000	SYTO9	250	Intermediate	12276	28426.5	850	112023_dilutions_Experiment_Plate_1000_250.fcs
2023-11-20	1000	SYTO9	250	live	58	4679.5	140	112023_dilutions_Experiment_Plate_1000_250.fcs
2023-11-20	1000	PI	500	singlet	11067	66	600	112023_dilutions_Experiment_Plate_1000_500_p.fcs
2023-11-20	1000	PI	500	PI-positive	11061	66	601	112023_dilutions_Experiment_Plate_1000_500_p.fcs
2023-11-20	1000	PI	500	Intermediate	0	NA	NA	112023_dilutions_Experiment_Plate_1000_500_p.fcs
2023-11-20	1000	PI	500	live	6	69.5	75	112023_dilutions_Experiment_Plate_1000_500_p.fcs
2023-11-20	1000	SYTO9	500	singlet	12693	16127	450	112023_dilutions_Experiment_Plate_1000_500.fcs
2023-11-20	1000	SYTO9	500	PI-positive	0	NA	NA	112023_dilutions_Experiment_Plate_1000_500.fcs
2023-11-20	1000	SYTO9	500	Intermediate	12404	16426	457	112023_dilutions_Experiment_Plate_1000_500.fcs
2023-11-20	1000	SYTO9	500	live	652	4743.5	130	112023_dilutions_Experiment_Plate_1000_500.fcs
2023-11-21	0	PI	1000	singlet	13430	71	59	112123_dilutions_Experiment_Plate_0_1000_p.fcs
2023-11-21	0	PI	1000	PI-positive	92	67.5	947.5	112123_dilutions_Experiment_Plate_0_1000_p.fcs
2023-11-21	0	PI	1000	Intermediate	0	NA	NA	112123_dilutions_Experiment_Plate_0_1000_p.fcs
2023-11-21	0	PI	1000	live	13338	71	59	112123_dilutions_Experiment_Plate_0_1000_p.fcs
2023-11-21	0	SYTO9	1000	singlet	15218	547	64	112123_dilutions_Experiment_Plate_0_1000.fcs
2023-11-21	0	SYTO9	1000	PI-positive	0	NA	NA	112123_dilutions_Experiment_Plate_0_1000.fcs
2023-11-21	0	SYTO9	1000	Intermediate	222	1851	145.5	112123_dilutions_Experiment_Plate_0_1000.fcs
2023-11-21	0	SYTO9	1000	live	15110	544	64	112123_dilutions_Experiment_Plate_0_1000.fcs
2023-11-21	0	PI	2000	singlet	13938	72	59	112123_dilutions_Experiment_Plate_0_2000_p.fcs
2023-11-21	0	PI	2000	PI-positive	57	70	1016	112123_dilutions_Experiment_Plate_0_2000_p.fcs
2023-11-21	0	PI	2000	Intermediate	0	NA	NA	112123_dilutions_Experiment_Plate_0_2000_p.fcs
2023-11-21	0	PI	2000	live	13880	72	58	112123_dilutions_Experiment_Plate_0_2000_p.fcs
2023-11-21	0	SYTO9	2000	singlet	18390	178	60	112123_dilutions_Experiment_Plate_0_2000.fcs
2023-11-21	0	SYTO9	2000	PI-positive	1	222	162	112123_dilutions_Experiment_Plate_0_2000.fcs
2023-11-21	0	SYTO9	2000	Intermediate	112	9554.5	307	112123_dilutions_Experiment_Plate_0_2000.fcs
2023-11-21	0	SYTO9	2000	live	18293	177	59	112123_dilutions_Experiment_Plate_0_2000.fcs
2023-11-21	0	PI	250	singlet	12609	72	60	112123_dilutions_Experiment_Plate_0_250_p.fcs
2023-11-21	0	PI	250	PI-positive	74	75	1225.5	112123_dilutions_Experiment_Plate_0_250_p.fcs
2023-11-21	0	PI	250	Intermediate	0	NA	NA	112123_dilutions_Experiment_Plate_0_250_p.fcs
2023-11-21	0	PI	250	live	12535	72	59	112123_dilutions_Experiment_Plate_0_250_p.fcs
2023-11-21	0	SYTO9	250	singlet	12708	8932.5	271	112123_dilutions_Experiment_Plate_0_250.fcs
2023-11-21	0	SYTO9	250	PI-positive	0	NA	NA	112123_dilutions_Experiment_Plate_0_250.fcs
2023-11-21	0	SYTO9	250	Intermediate	8318	14056.5	410	112123_dilutions_Experiment_Plate_0_250.fcs
2023-11-21	0	SYTO9	250	live	4907	1381	77	112123_dilutions_Experiment_Plate_0_250.fcs
2023-11-21	0	PI	500	singlet	13261	71	60	112123_dilutions_Experiment_Plate_0_500_p.fcs
2023-11-21	0	PI	500	PI-positive	76	65	937	112123_dilutions_Experiment_Plate_0_500_p.fcs
2023-11-21	0	PI	500	Intermediate	0	NA	NA	112123_dilutions_Experiment_Plate_0_500_p.fcs
2023-11-21	0	PI	500	live	13184	71	60	112123_dilutions_Experiment_Plate_0_500_p.fcs
2023-11-21	0	SYTO9	500	singlet	14823	1172	72	112123_dilutions_Experiment_Plate_0_500.fcs
2023-11-21	0	SYTO9	500	PI-positive	0	NA	NA	112123_dilutions_Experiment_Plate_0_500.fcs
2023-11-21	0	SYTO9	500	Intermediate	989	2904	151	112123_dilutions_Experiment_Plate_0_500.fcs
2023-11-21	0	SYTO9	500	live	14373	1148	71	112123_dilutions_Experiment_Plate_0_500.fcs
2023-11-21	10	PI	1000	singlet	11368	76	59	112123_dilutions_Experiment_Plate_10_1000_p.fcs
2023-11-21	10	PI	1000	PI-positive	186	72	896.5	112123_dilutions_Experiment_Plate_10_1000_p.fcs
2023-11-21	10	PI	1000	Intermediate	1	13490	345	112123_dilutions_Experiment_Plate_10_1000_p.fcs
2023-11-21	10	PI	1000	live	11181	76	59	112123_dilutions_Experiment_Plate_10_1000_p.fcs
2023-11-21	10	SYTO9	1000	singlet	7739	914	68	112123_dilutions_Experiment_Plate_10_1000.fcs
2023-11-21	10	SYTO9	1000	PI-positive	0	NA	NA	112123_dilutions_Experiment_Plate_10_1000.fcs
2023-11-21	10	SYTO9	1000	Intermediate	295	2867	157	112123_dilutions_Experiment_Plate_10_1000.fcs
2023-11-21	10	SYTO9	1000	live	7586	900	67	112123_dilutions_Experiment_Plate_10_1000.fcs
2023-11-21	10	PI	2000	singlet	12222	76	60	112123_dilutions_Experiment_Plate_10_2000_p.fcs
2023-11-21	10	PI	2000	PI-positive	261	77	668	112123_dilutions_Experiment_Plate_10_2000_p.fcs
2023-11-21	10	PI	2000	Intermediate	0	NA	NA	112123_dilutions_Experiment_Plate_10_2000_p.fcs
2023-11-21	10	PI	2000	live	11961	76	59	112123_dilutions_Experiment_Plate_10_2000_p.fcs
2023-11-21	10	SYTO9	2000	singlet	12692	287	61	112123_dilutions_Experiment_Plate_10_2000.fcs
2023-11-21	10	SYTO9	2000	PI-positive	3	275	224	112123_dilutions_Experiment_Plate_10_2000.fcs
2023-11-21	10	SYTO9	2000	Intermediate	124	4318	162.5	112123_dilutions_Experiment_Plate_10_2000.fcs
2023-11-21	10	SYTO9	2000	live	12621	286	61	112123_dilutions_Experiment_Plate_10_2000.fcs
2023-11-21	10	PI	250	singlet	10617	77	61	112123_dilutions_Experiment_Plate_10_250_p.fcs
2023-11-21	10	PI	250	PI-positive	214	74	763.5	112123_dilutions_Experiment_Plate_10_250_p.fcs
2023-11-21	10	PI	250	Intermediate	0	NA	NA	112123_dilutions_Experiment_Plate_10_250_p.fcs
2023-11-21	10	PI	250	live	10401	77	60	112123_dilutions_Experiment_Plate_10_250_p.fcs
2023-11-21	10	SYTO9	250	singlet	9387	4067	158	112123_dilutions_Experiment_Plate_10_250.fcs
2023-11-21	10	SYTO9	250	PI-positive	0	NA	NA	112123_dilutions_Experiment_Plate_10_250.fcs
2023-11-21	10	SYTO9	250	Intermediate	5937	6402	217	112123_dilutions_Experiment_Plate_10_250.fcs
2023-11-21	10	SYTO9	250	live	4695	2417	99	112123_dilutions_Experiment_Plate_10_250.fcs
2023-11-21	10	PI	500	singlet	9894	77	60	112123_dilutions_Experiment_Plate_10_500_p.fcs
2023-11-21	10	PI	500	PI-positive	151	74	784	112123_dilutions_Experiment_Plate_10_500_p.fcs
2023-11-21	10	PI	500	Intermediate	0	NA	NA	112123_dilutions_Experiment_Plate_10_500_p.fcs
2023-11-21	10	PI	500	live	9740	77	59	112123_dilutions_Experiment_Plate_10_500_p.fcs
2023-11-21	10	SYTO9	500	singlet	9754	1708	83	112123_dilutions_Experiment_Plate_10_500.fcs
2023-11-21	10	SYTO9	500	PI-positive	0	NA	NA	112123_dilutions_Experiment_Plate_10_500.fcs
2023-11-21	10	SYTO9	500	Intermediate	1588	3327	155	112123_dilutions_Experiment_Plate_10_500.fcs
2023-11-21	10	SYTO9	500	live	9015	1617	79	112123_dilutions_Experiment_Plate_10_500.fcs
2023-11-21	100	PI	1000	singlet	13637	69	61	112123_dilutions_Experiment_Plate_100_1000_p.fcs
2023-11-21	100	PI	1000	PI-positive	903	67	1157	112123_dilutions_Experiment_Plate_100_1000_p.fcs
2023-11-21	100	PI	1000	Intermediate	0	NA	NA	112123_dilutions_Experiment_Plate_100_1000_p.fcs
2023-11-21	100	PI	1000	live	12733	70	59	112123_dilutions_Experiment_Plate_100_1000_p.fcs
2023-11-21	100	SYTO9	1000	singlet	12193	2861	95	112123_dilutions_Experiment_Plate_100_1000.fcs
2023-11-21	100	SYTO9	1000	PI-positive	0	NA	NA	112123_dilutions_Experiment_Plate_100_1000.fcs
2023-11-21	100	SYTO9	1000	Intermediate	3864	6372	177	112123_dilutions_Experiment_Plate_100_1000.fcs
2023-11-21	100	SYTO9	1000	live	9761	2269	83	112123_dilutions_Experiment_Plate_100_1000.fcs
2023-11-21	100	PI	2000	singlet	13323	69	61	112123_dilutions_Experiment_Plate_100_2000_p.fcs
2023-11-21	100	PI	2000	PI-positive	862	66	1163	112123_dilutions_Experiment_Plate_100_2000_p.fcs
2023-11-21	100	PI	2000	Intermediate	0	NA	NA	112123_dilutions_Experiment_Plate_100_2000_p.fcs
2023-11-21	100	PI	2000	live	12461	70	59	112123_dilutions_Experiment_Plate_100_2000_p.fcs
2023-11-21	100	SYTO9	2000	singlet	14337	763	66	112123_dilutions_Experiment_Plate_100_2000.fcs
2023-11-21	100	SYTO9	2000	PI-positive	0	NA	NA	112123_dilutions_Experiment_Plate_100_2000.fcs
2023-11-21	100	SYTO9	2000	Intermediate	736	7985	186	112123_dilutions_Experiment_Plate_100_2000.fcs
2023-11-21	100	SYTO9	2000	live	13864	735	65	112123_dilutions_Experiment_Plate_100_2000.fcs
2023-11-21	100	PI	250	singlet	10656	69	64	112123_dilutions_Experiment_Plate_100_250_p.fcs
2023-11-21	100	PI	250	PI-positive	960	67	1155.5	112123_dilutions_Experiment_Plate_100_250_p.fcs
2023-11-21	100	PI	250	Intermediate	0	NA	NA	112123_dilutions_Experiment_Plate_100_250_p.fcs
2023-11-21	100	PI	250	live	9696	70	61	112123_dilutions_Experiment_Plate_100_250_p.fcs
2023-11-21	100	SYTO9	250	singlet	13132	24711	726.5	112123_dilutions_Experiment_Plate_100_250.fcs
2023-11-21	100	SYTO9	250	PI-positive	0	NA	NA	112123_dilutions_Experiment_Plate_100_250.fcs
2023-11-21	100	SYTO9	250	Intermediate	11499	27823	822	112123_dilutions_Experiment_Plate_100_250.fcs
2023-11-21	100	SYTO9	250	live	1798	755	71	112123_dilutions_Experiment_Plate_100_250.fcs
2023-11-21	100	PI	500	singlet	11667	69	63	112123_dilutions_Experiment_Plate_100_500_p.fcs
2023-11-21	100	PI	500	PI-positive	856	67	1228	112123_dilutions_Experiment_Plate_100_500_p.fcs
2023-11-21	100	PI	500	Intermediate	0	NA	NA	112123_dilutions_Experiment_Plate_100_500_p.fcs
2023-11-21	100	PI	500	live	10811	69	60	112123_dilutions_Experiment_Plate_100_500_p.fcs
2023-11-21	100	SYTO9	500	singlet	11785	10282	281	112123_dilutions_Experiment_Plate_100_500.fcs
2023-11-21	100	SYTO9	500	PI-positive	0	NA	NA	112123_dilutions_Experiment_Plate_100_500.fcs
2023-11-21	100	SYTO9	500	Intermediate	9235	12767	346	112123_dilutions_Experiment_Plate_100_500.fcs
2023-11-21	100	SYTO9	500	live	3106	1192.5	78.5	112123_dilutions_Experiment_Plate_100_500.fcs
2023-11-21	1000	PI	1000	singlet	13288	67	838	112123_dilutions_Experiment_Plate_1000_1000_p.fcs
2023-11-21	1000	PI	1000	PI-positive	13287	67	838	112123_dilutions_Experiment_Plate_1000_1000_p.fcs
2023-11-21	1000	PI	1000	Intermediate	0	NA	NA	112123_dilutions_Experiment_Plate_1000_1000_p.fcs
2023-11-21	1000	PI	1000	live	1	65	149	112123_dilutions_Experiment_Plate_1000_1000_p.fcs
2023-11-21	1000	SYTO9	1000	singlet	13437	5724	167	112123_dilutions_Experiment_Plate_1000_1000.fcs
2023-11-21	1000	SYTO9	1000	PI-positive	2	288.5	512.5	112123_dilutions_Experiment_Plate_1000_1000.fcs
2023-11-21	1000	SYTO9	1000	Intermediate	9664	6760	196	112123_dilutions_Experiment_Plate_1000_1000.fcs
2023-11-21	1000	SYTO9	1000	live	6100	4113	116	112123_dilutions_Experiment_Plate_1000_1000.fcs
2023-11-21	1000	PI	2000	singlet	12214	67	1056	112123_dilutions_Experiment_Plate_1000_2000_p.fcs
2023-11-21	1000	PI	2000	PI-positive	12207	67	1056	112123_dilutions_Experiment_Plate_1000_2000_p.fcs
2023-11-21	1000	PI	2000	Intermediate	0	NA	NA	112123_dilutions_Experiment_Plate_1000_2000_p.fcs
2023-11-21	1000	PI	2000	live	4	70	101.5	112123_dilutions_Experiment_Plate_1000_2000_p.fcs
2023-11-21	1000	SYTO9	2000	singlet	14389	2178	83	112123_dilutions_Experiment_Plate_1000_2000.fcs
2023-11-21	1000	SYTO9	2000	PI-positive	0	NA	NA	112123_dilutions_Experiment_Plate_1000_2000.fcs
2023-11-21	1000	SYTO9	2000	Intermediate	1782	3719.5	144	112123_dilutions_Experiment_Plate_1000_2000.fcs
2023-11-21	1000	SYTO9	2000	live	13854	2136	81	112123_dilutions_Experiment_Plate_1000_2000.fcs
2023-11-21	1000	PI	250	singlet	11469	66	473	112123_dilutions_Experiment_Plate_1000_250_p.fcs
2023-11-21	1000	PI	250	PI-positive	11443	66	473	112123_dilutions_Experiment_Plate_1000_250_p.fcs
2023-11-21	1000	PI	250	Intermediate	0	NA	NA	112123_dilutions_Experiment_Plate_1000_250_p.fcs
2023-11-21	1000	PI	250	live	21	59	145	112123_dilutions_Experiment_Plate_1000_250_p.fcs
2023-11-21	1000	SYTO9	250	singlet	1309	5956	205	112123_dilutions_Experiment_Plate_1000_250.fcs
2023-11-21	1000	SYTO9	250	PI-positive	75	213	619	112123_dilutions_Experiment_Plate_1000_250.fcs
2023-11-21	1000	SYTO9	250	Intermediate	1000	6807.5	217	112123_dilutions_Experiment_Plate_1000_250.fcs
2023-11-21	1000	SYTO9	250	live	384	3785.5	120	112123_dilutions_Experiment_Plate_1000_250.fcs
2023-11-21	1000	PI	500	singlet	11165	66	575	112123_dilutions_Experiment_Plate_1000_500_p.fcs
2023-11-21	1000	PI	500	PI-positive	11160	66	575	112123_dilutions_Experiment_Plate_1000_500_p.fcs
2023-11-21	1000	PI	500	Intermediate	0	NA	NA	112123_dilutions_Experiment_Plate_1000_500_p.fcs
2023-11-21	1000	PI	500	live	5	103	50	112123_dilutions_Experiment_Plate_1000_500_p.fcs
2023-11-21	1000	SYTO9	500	singlet	7003	11403	330	112123_dilutions_Experiment_Plate_1000_500.fcs
2023-11-21	1000	SYTO9	500	PI-positive	0	NA	NA	112123_dilutions_Experiment_Plate_1000_500.fcs
2023-11-21	1000	SYTO9	500	Intermediate	6777	11648	334	112123_dilutions_Experiment_Plate_1000_500.fcs
2023-11-21	1000	SYTO9	500	live	475	4963	132	112123_dilutions_Experiment_Plate_1000_500.fcs
2023-11-22	0	PI	1000	singlet	13530	72	60	112223_dilutions_Experiment_Plate_0_1000_p.fcs
2023-11-22	0	PI	1000	PI-positive	441	66	272	112223_dilutions_Experiment_Plate_0_1000_p.fcs
2023-11-22	0	PI	1000	Intermediate	0	NA	NA	112223_dilutions_Experiment_Plate_0_1000_p.fcs
2023-11-22	0	PI	1000	live	13089	72	59	112223_dilutions_Experiment_Plate_0_1000_p.fcs
2023-11-22	0	SYTO9	1000	singlet	13581	968	70	112223_dilutions_Experiment_Plate_0_1000.fcs
2023-11-22	0	SYTO9	1000	PI-positive	0	NA	NA	112223_dilutions_Experiment_Plate_0_1000.fcs
2023-11-22	0	SYTO9	1000	Intermediate	583	2463	147	112223_dilutions_Experiment_Plate_0_1000.fcs
2023-11-22	0	SYTO9	1000	live	13346	956	69	112223_dilutions_Experiment_Plate_0_1000.fcs
2023-11-22	0	PI	2000	singlet	13759	73	60	112223_dilutions_Experiment_Plate_0_2000_p.fcs
2023-11-22	0	PI	2000	PI-positive	207	69	279	112223_dilutions_Experiment_Plate_0_2000_p.fcs
2023-11-22	0	PI	2000	Intermediate	0	NA	NA	112223_dilutions_Experiment_Plate_0_2000_p.fcs
2023-11-22	0	PI	2000	live	13550	73	59	112223_dilutions_Experiment_Plate_0_2000_p.fcs
2023-11-22	0	SYTO9	2000	singlet	16954	382	62	112223_dilutions_Experiment_Plate_0_2000.fcs
2023-11-22	0	SYTO9	2000	PI-positive	3	213	175	112223_dilutions_Experiment_Plate_0_2000.fcs
2023-11-22	0	SYTO9	2000	Intermediate	202	3066.5	157.5	112223_dilutions_Experiment_Plate_0_2000.fcs
2023-11-22	0	SYTO9	2000	live	16843	380	61	112223_dilutions_Experiment_Plate_0_2000.fcs
2023-11-22	0	PI	250	singlet	12190	73	62	112223_dilutions_Experiment_Plate_0_250_p.fcs
2023-11-22	0	PI	250	PI-positive	217	72	219	112223_dilutions_Experiment_Plate_0_250_p.fcs
2023-11-22	0	PI	250	Intermediate	2	2320.5	171	112223_dilutions_Experiment_Plate_0_250_p.fcs
2023-11-22	0	PI	250	live	11970	73	61	112223_dilutions_Experiment_Plate_0_250_p.fcs
2023-11-22	0	SYTO9	250	singlet	15334	3605.5	140	112223_dilutions_Experiment_Plate_0_250.fcs
2023-11-22	0	SYTO9	250	PI-positive	0	NA	NA	112223_dilutions_Experiment_Plate_0_250.fcs
2023-11-22	0	SYTO9	250	Intermediate	8421	8814	273	112223_dilutions_Experiment_Plate_0_250.fcs
2023-11-22	0	SYTO9	250	live	8359	1915	90	112223_dilutions_Experiment_Plate_0_250.fcs
2023-11-22	0	PI	500	singlet	14555	71	63	112223_dilutions_Experiment_Plate_0_500_p.fcs
2023-11-22	0	PI	500	PI-positive	827	66	237	112223_dilutions_Experiment_Plate_0_500_p.fcs
2023-11-22	0	PI	500	Intermediate	2	5260	256.5	112223_dilutions_Experiment_Plate_0_500_p.fcs
2023-11-22	0	PI	500	live	13725	71	61	112223_dilutions_Experiment_Plate_0_500_p.fcs
2023-11-22	0	SYTO9	500	singlet	14982	1832	90	112223_dilutions_Experiment_Plate_0_500.fcs
2023-11-22	0	SYTO9	500	PI-positive	0	NA	NA	112223_dilutions_Experiment_Plate_0_500.fcs
2023-11-22	0	SYTO9	500	Intermediate	3386	3528.5	162	112223_dilutions_Experiment_Plate_0_500.fcs
2023-11-22	0	SYTO9	500	live	13191	1714	85	112223_dilutions_Experiment_Plate_0_500.fcs
2023-11-22	10	PI	1000	singlet	11406	76	60	112223_dilutions_Experiment_Plate_10_1000_p.fcs
2023-11-22	10	PI	1000	PI-positive	115	73	936	112223_dilutions_Experiment_Plate_10_1000_p.fcs
2023-11-22	10	PI	1000	Intermediate	0	NA	NA	112223_dilutions_Experiment_Plate_10_1000_p.fcs
2023-11-22	10	PI	1000	live	11290	76	59	112223_dilutions_Experiment_Plate_10_1000_p.fcs
2023-11-22	10	SYTO9	1000	singlet	10557	1215	73	112223_dilutions_Experiment_Plate_10_1000.fcs
2023-11-22	10	SYTO9	1000	PI-positive	0	NA	NA	112223_dilutions_Experiment_Plate_10_1000.fcs
2023-11-22	10	SYTO9	1000	Intermediate	770	2731.5	151.5	112223_dilutions_Experiment_Plate_10_1000.fcs
2023-11-22	10	SYTO9	1000	live	10211	1188	72	112223_dilutions_Experiment_Plate_10_1000.fcs
2023-11-22	10	PI	2000	singlet	12384	76	60	112223_dilutions_Experiment_Plate_10_2000_p.fcs
2023-11-22	10	PI	2000	PI-positive	241	86	1034	112223_dilutions_Experiment_Plate_10_2000_p.fcs
2023-11-22	10	PI	2000	Intermediate	0	NA	NA	112223_dilutions_Experiment_Plate_10_2000_p.fcs
2023-11-22	10	PI	2000	live	12142	76	59	112223_dilutions_Experiment_Plate_10_2000_p.fcs
2023-11-22	10	SYTO9	2000	singlet	14229	464	63	112223_dilutions_Experiment_Plate_10_2000.fcs
2023-11-22	10	SYTO9	2000	PI-positive	1	81	165	112223_dilutions_Experiment_Plate_10_2000.fcs
2023-11-22	10	SYTO9	2000	Intermediate	242	2747	156.5	112223_dilutions_Experiment_Plate_10_2000.fcs
2023-11-22	10	SYTO9	2000	live	14104	462	63	112223_dilutions_Experiment_Plate_10_2000.fcs
2023-11-22	10	PI	250	singlet	11259	76	61	112223_dilutions_Experiment_Plate_10_250_p.fcs
2023-11-22	10	PI	250	PI-positive	136	76.5	800.5	112223_dilutions_Experiment_Plate_10_250_p.fcs
2023-11-22	10	PI	250	Intermediate	2	6364	202.5	112223_dilutions_Experiment_Plate_10_250_p.fcs
2023-11-22	10	PI	250	live	11120	76	60	112223_dilutions_Experiment_Plate_10_250_p.fcs
2023-11-22	10	SYTO9	250	singlet	13041	3437	144	112223_dilutions_Experiment_Plate_10_250.fcs
2023-11-22	10	SYTO9	250	PI-positive	0	NA	NA	112223_dilutions_Experiment_Plate_10_250.fcs
2023-11-22	10	SYTO9	250	Intermediate	7594	5415.5	206.5	112223_dilutions_Experiment_Plate_10_250.fcs
2023-11-22	10	SYTO9	250	live	7258	2359.5	98	112223_dilutions_Experiment_Plate_10_250.fcs
2023-11-22	10	PI	500	singlet	10374	75	60	112223_dilutions_Experiment_Plate_10_500_p.fcs
2023-11-22	10	PI	500	PI-positive	140	82	945	112223_dilutions_Experiment_Plate_10_500_p.fcs
2023-11-22	10	PI	500	Intermediate	1	7471	281	112223_dilutions_Experiment_Plate_10_500_p.fcs
2023-11-22	10	PI	500	live	10233	75	60	112223_dilutions_Experiment_Plate_10_500_p.fcs
2023-11-22	10	SYTO9	500	singlet	12979	1639	83	112223_dilutions_Experiment_Plate_10_500.fcs
2023-11-22	10	SYTO9	500	PI-positive	0	NA	NA	112223_dilutions_Experiment_Plate_10_500.fcs
2023-11-22	10	SYTO9	500	Intermediate	2184	3388.5	161	112223_dilutions_Experiment_Plate_10_500.fcs
2023-11-22	10	SYTO9	500	live	11835	1542	79	112223_dilutions_Experiment_Plate_10_500.fcs
2023-11-22	100	PI	1000	singlet	12606	70	60	112223_dilutions_Experiment_Plate_100_1000_p.fcs
2023-11-22	100	PI	1000	PI-positive	270	68	997.5	112223_dilutions_Experiment_Plate_100_1000_p.fcs
2023-11-22	100	PI	1000	Intermediate	0	NA	NA	112223_dilutions_Experiment_Plate_100_1000_p.fcs
2023-11-22	100	PI	1000	live	12336	70	59	112223_dilutions_Experiment_Plate_100_1000_p.fcs
2023-11-22	100	SYTO9	1000	singlet	12535	4499	126	112223_dilutions_Experiment_Plate_100_1000.fcs
2023-11-22	100	SYTO9	1000	PI-positive	1	305	1022	112223_dilutions_Experiment_Plate_100_1000.fcs
2023-11-22	100	SYTO9	1000	Intermediate	6307	7556	200	112223_dilutions_Experiment_Plate_100_1000.fcs
2023-11-22	100	SYTO9	1000	live	7840	2811.5	90	112223_dilutions_Experiment_Plate_100_1000.fcs
2023-11-22	100	PI	2000	singlet	14459	70	60	112223_dilutions_Experiment_Plate_100_2000_p.fcs
2023-11-22	100	PI	2000	PI-positive	395	69	923	112223_dilutions_Experiment_Plate_100_2000_p.fcs
2023-11-22	100	PI	2000	Intermediate	0	NA	NA	112223_dilutions_Experiment_Plate_100_2000_p.fcs
2023-11-22	100	PI	2000	live	14064	70	59	112223_dilutions_Experiment_Plate_100_2000_p.fcs
2023-11-22	100	SYTO9	2000	singlet	14188	1512	74	112223_dilutions_Experiment_Plate_100_2000.fcs
2023-11-22	100	SYTO9	2000	PI-positive	4	206.5	208	112223_dilutions_Experiment_Plate_100_2000.fcs
2023-11-22	100	SYTO9	2000	Intermediate	1366	4563.5	150	112223_dilutions_Experiment_Plate_100_2000.fcs
2023-11-22	100	SYTO9	2000	live	13628	1448	72	112223_dilutions_Experiment_Plate_100_2000.fcs
2023-11-22	100	PI	250	singlet	13007	71	63	112223_dilutions_Experiment_Plate_100_250_p.fcs
2023-11-22	100	PI	250	PI-positive	664	70	712	112223_dilutions_Experiment_Plate_100_250_p.fcs
2023-11-22	100	PI	250	Intermediate	4	5612.5	219	112223_dilutions_Experiment_Plate_100_250_p.fcs
2023-11-22	100	PI	250	live	12339	71	61	112223_dilutions_Experiment_Plate_100_250_p.fcs
2023-11-22	100	SYTO9	250	singlet	14222	33112.5	1022	112223_dilutions_Experiment_Plate_100_250.fcs
2023-11-22	100	SYTO9	250	PI-positive	0	NA	NA	112223_dilutions_Experiment_Plate_100_250.fcs
2023-11-22	100	SYTO9	250	Intermediate	12782	36449.5	1123	112223_dilutions_Experiment_Plate_100_250.fcs
2023-11-22	100	SYTO9	250	live	1513	675	69	112223_dilutions_Experiment_Plate_100_250.fcs
2023-11-22	100	PI	500	singlet	12307	71	60	112223_dilutions_Experiment_Plate_100_500_p.fcs
2023-11-22	100	PI	500	PI-positive	381	70	824	112223_dilutions_Experiment_Plate_100_500_p.fcs
2023-11-22	100	PI	500	Intermediate	0	NA	NA	112223_dilutions_Experiment_Plate_100_500_p.fcs
2023-11-22	100	PI	500	live	11926	71	60	112223_dilutions_Experiment_Plate_100_500_p.fcs
2023-11-22	100	SYTO9	500	singlet	14893	13685	373	112223_dilutions_Experiment_Plate_100_500.fcs
2023-11-22	100	SYTO9	500	PI-positive	0	NA	NA	112223_dilutions_Experiment_Plate_100_500.fcs
2023-11-22	100	SYTO9	500	Intermediate	12224	16614	451	112223_dilutions_Experiment_Plate_100_500.fcs
2023-11-22	100	SYTO9	500	live	3257	1451	79	112223_dilutions_Experiment_Plate_100_500.fcs
2023-11-22	1000	PI	1000	singlet	8247	67	1165	112223_dilutions_Experiment_Plate_1000_1000_p.fcs
2023-11-22	1000	PI	1000	PI-positive	8183	67	1168	112223_dilutions_Experiment_Plate_1000_1000_p.fcs
2023-11-22	1000	PI	1000	Intermediate	0	NA	NA	112223_dilutions_Experiment_Plate_1000_1000_p.fcs
2023-11-22	1000	PI	1000	live	64	60.5	100	112223_dilutions_Experiment_Plate_1000_1000_p.fcs
2023-11-22	1000	SYTO9	1000	singlet	8054	4426	130	112223_dilutions_Experiment_Plate_1000_1000.fcs
2023-11-22	1000	SYTO9	1000	PI-positive	0	NA	NA	112223_dilutions_Experiment_Plate_1000_1000.fcs
2023-11-22	1000	SYTO9	1000	Intermediate	4286	5921.5	173	112223_dilutions_Experiment_Plate_1000_1000.fcs
2023-11-22	1000	SYTO9	1000	live	5321	3539	104	112223_dilutions_Experiment_Plate_1000_1000.fcs
2023-11-22	1000	PI	2000	singlet	9115	66	1188	112223_dilutions_Experiment_Plate_1000_2000_p.fcs
2023-11-22	1000	PI	2000	PI-positive	9072	66.5	1191	112223_dilutions_Experiment_Plate_1000_2000_p.fcs
2023-11-22	1000	PI	2000	Intermediate	0	NA	NA	112223_dilutions_Experiment_Plate_1000_2000_p.fcs
2023-11-22	1000	PI	2000	live	43	65	98	112223_dilutions_Experiment_Plate_1000_2000_p.fcs
2023-11-22	1000	SYTO9	2000	singlet	9914	1840	80	112223_dilutions_Experiment_Plate_1000_2000.fcs
2023-11-22	1000	SYTO9	2000	PI-positive	0	NA	NA	112223_dilutions_Experiment_Plate_1000_2000.fcs
2023-11-22	1000	SYTO9	2000	Intermediate	975	3074	142	112223_dilutions_Experiment_Plate_1000_2000.fcs
2023-11-22	1000	SYTO9	2000	live	9679	1820	80	112223_dilutions_Experiment_Plate_1000_2000.fcs
2023-11-22	1000	PI	250	singlet	8433	67	667	112223_dilutions_Experiment_Plate_1000_250_p.fcs
2023-11-22	1000	PI	250	PI-positive	8367	67	669	112223_dilutions_Experiment_Plate_1000_250_p.fcs
2023-11-22	1000	PI	250	Intermediate	0	NA	NA	112223_dilutions_Experiment_Plate_1000_250_p.fcs
2023-11-22	1000	PI	250	live	63	64	79	112223_dilutions_Experiment_Plate_1000_250_p.fcs
2023-11-22	1000	SYTO9	250	singlet	9826	37728.5	1127	112223_dilutions_Experiment_Plate_1000_250.fcs
2023-11-22	1000	SYTO9	250	PI-positive	0	NA	NA	112223_dilutions_Experiment_Plate_1000_250.fcs
2023-11-22	1000	SYTO9	250	Intermediate	9807	37766	1128	112223_dilutions_Experiment_Plate_1000_250.fcs
2023-11-22	1000	SYTO9	250	live	25	411	77	112223_dilutions_Experiment_Plate_1000_250.fcs
2023-11-22	1000	PI	500	singlet	7405	67	972	112223_dilutions_Experiment_Plate_1000_500_p.fcs
2023-11-22	1000	PI	500	PI-positive	7338	67	976.5	112223_dilutions_Experiment_Plate_1000_500_p.fcs
2023-11-22	1000	PI	500	Intermediate	0	NA	NA	112223_dilutions_Experiment_Plate_1000_500_p.fcs
2023-11-22	1000	PI	500	live	65	64	102	112223_dilutions_Experiment_Plate_1000_500_p.fcs
2023-11-22	1000	SYTO9	500	singlet	9603	15187	424	112223_dilutions_Experiment_Plate_1000_500.fcs
2023-11-22	1000	SYTO9	500	PI-positive	0	NA	NA	112223_dilutions_Experiment_Plate_1000_500.fcs
2023-11-22	1000	SYTO9	500	Intermediate	9523	15245	427	112223_dilutions_Experiment_Plate_1000_500.fcs
2023-11-22	1000	SYTO9	500	live	223	5524	137	112223_dilutions_Experiment_Plate_1000_500.fcs
